{
    "parameters": {
        "investment_parameters": {
            "K": 875000,
            "k": 0,
            "kappa": 25284.0,
            "hashrate": 49.0
        },
        "other_parameters": {
            "valuation_date": "2023-01-01T00:00:00",
            "optionality_window": 182,
            "starting_valuation_window": 0,
            "project_duration": 1826,
            "rho": 0.05,
            "projection_horizon": 2008,
            "n_days_forecast": 2008,
            "delta_time": 0.0027378507871321013
        },
        "g_simulations_train": 300,
        "g_simulations_test": 60,
        "model_type": "scenario3b"
    },
    "g_alpha": [
        [
            22.623743060684735
        ],
        [
            0.02470225894200763
        ],
        [
            5.803606051506185e-06
        ]
    ]
}