{
    "parameters": {
        "investment_parameters": {
            "K": 875000,
            "k": 0,
            "kappa": 25284.0,
            "hashrate": 49.0
        },
        "other_parameters": {
            "valuation_date": "2023-01-01T00:00:00",
            "optionality_window": 182,
            "starting_valuation_window": 0,
            "project_duration": 1826,
            "rho": 0.05,
            "projection_horizon": 2008,
            "n_days_forecast": 2008,
            "delta_time": 0.0027378507871321013
        },
        "g_simulations_train": 500,
        "g_simulations_test": 75,
        "model_type": "scenario3c"
    },
    "g_alpha": [
        [
            23.021121278219002
        ],
        [
            0.024960901659410766
        ],
        [
            5.735568917142295e-06
        ]
    ]
}